{
  "C": 90.73680833133838,
  "epsilon": 0.7047413056425894,
  "gamma": 15.157706042831762
}