{
  "C": 2.879916542262811,
  "epsilon": 0.011348106735940082,
  "gamma": 16.327913004791263
}