{
  "C": 0.17654433034967923,
  "epsilon": 0.06953152985642766
}