,MSE,MSE,MAE,MAE,r2,r2
,mean,std,mean,std,mean,std
method,,,,,,
svr,6506.474358071732,17990.628474645517,28.83884592586271,30.873537846386974,-0.3466511975546848,0.43245559381621773
svr_opt1,6470.447268486498,17909.260243366076,28.897699728373237,30.723614587394163,-0.3471855602286952,0.45855166087766025
svr_opt2,6302.334970416805,17455.710009499242,29.967167158243836,30.02300275661576,-0.5989259055305476,1.372253601544688
