,MSE,MSE,MAE,MAE,r2,r2
,mean,std,mean,std,mean,std
method,,,,,,
svr,6506.474358071732,17990.628474645517,28.83884592586271,30.873537846386974,-0.3466511975546848,0.43245559381621773
