method,MSE,MAE,r2
dtr,203812.92333333334,93.71,0.1584361028142951
gbr,183083.72378926008,85.23425597937705,0.17760147628492057
knr,231847.6745333333,99.05000000000001,0.365931454148799
linear,7902.222931470414,24.320965554659526,0.3445650772860395
logistic,289659.8366666666,121.04333333333334,-1.021556909248962
rf,200425.32405333334,89.1384,-2.57245662680848
svr,292745.1635588919,123.18693190704258,-0.21243904977728226
