method,MSE,MAE,r2
dtr,187758.37666666668,92.15666666666667,-1.107201220186092
gbr,186175.9878785732,85.90068885888016,-0.07492149685874878
knr,231847.6745333333,99.05000000000001,0.365931454148799
linear,7902.222931470414,24.320965554659526,0.3445650772860395
logistic,289659.8366666666,121.04333333333334,-1.021556909248962
rf,199947.38719666662,87.24893333333334,-0.24788322447788147
svr,292745.1635588919,123.18693190704258,-0.21243904977728226
