method,MSE,MAE,r2
dtr,185669.56,93.48,0.05172449629947864
gbr,183125.41108293546,82.81614162440113,-0.16968552709201434
linear,7902.222931470414,24.320965554659526,0.3445650772860395
logistic,289659.8366666666,121.04333333333334,-1.021556909248962
rf,200769.69131800003,89.07273333333333,0.0026415500870112575
svr,292745.1635588919,123.18693190704258,-0.21243904977728226
